area,fixation,id,url,time0,time1
"IssueOpened-Sep 13, 2023 on Sep 13, 2023, 10:06 PM GMT-3",132,None,https://github.com/Jaovitosr/Chatbot/issues,1699999046981,1699999047113
"IssueOpened-Sep 13, 2023 on Sep 13, 2023, 9:59 PM GMT-3",243,None,https://github.com/Jaovitosr/Chatbot/issues,1699999051098,1699999051341
"IssueOpened-Sep 13, 2023 on Sep 13, 2023, 9:59 PM GMT-3",249,None,https://github.com/Jaovitosr/Chatbot/issues,1699999051341,1699999051590
"IssueOpened-Sep 13, 2023 on Sep 13, 2023, 10:06 PM GMT-3",317,None,https://github.com/Jaovitosr/Chatbot/issues,1699999055256,1699999055573
"IssueLabel-
                type: enhancement
",104,label-6b4ce0,https://github.com/Jaovitosr/Chatbot/issues,1699999058929,1699999059033
"IssueOpened-Sep 13, 2023 on Sep 13, 2023, 9:53 PM GMT-3",293,None,https://github.com/Jaovitosr/Chatbot/issues,1699999059981,1699999060274
"IssueOpened-Sep 13, 2023 on Sep 13, 2023, 9:53 PM GMT-3",129,None,https://github.com/Jaovitosr/Chatbot/issues,1699999060287,1699999060416
"IssueOpened-Sep 13, 2023 on Sep 13, 2023, 9:54 PM GMT-3",108,None,https://github.com/Jaovitosr/Chatbot/issues,1699999060698,1699999060806
"IssueOpened-Sep 13, 2023 on Sep 13, 2023, 9:54 PM GMT-3",733,None,https://github.com/Jaovitosr/Chatbot/issues,1699999060913,1699999061646
"IssueOpened-Sep 13, 2023 on Sep 13, 2023, 9:54 PM GMT-3",365,None,https://github.com/Jaovitosr/Chatbot/issues/7,1699999070548,1699999070913
"IssueOpened-Sep 13, 2023 on Sep 13, 2023, 9:54 PM GMT-3",202,None,https://github.com/Jaovitosr/Chatbot/issues/7,1699999071090,1699999071292
"IssueLabel-
  good first issue
",1882,label-336297,https://github.com/Jaovitosr/Chatbot/issues/7,1699999079899,1699999081781
"IssueLabel-
  good first issue
",6667,label-336297,https://github.com/Jaovitosr/Chatbot/issues/7,1699999081781,1699999088448
"IssueLabel-
  good first issue
",1408,label-336297,https://github.com/Jaovitosr/Chatbot/issues/7,1699999088448,1699999089856
"IssueLabel-
  ui
",117,label-89294e,https://github.com/Jaovitosr/Chatbot/issues/7,1699999090564,1699999090681
"IssueLabel-
  good first issue
",309,label-336297,https://github.com/Jaovitosr/Chatbot/issues/7,1699999090772,1699999091081
"IssueLabel-
  good first issue
",124,label-336297,https://github.com/Jaovitosr/Chatbot/issues/7,1699999091090,1699999091214
"IssueLabel-
  good first issue
",4124,label-336297,https://github.com/Jaovitosr/Chatbot/issues/7,1699999096823,1699999100947
"IssueLabel-
  good first issue
",660,label-336297,https://github.com/Jaovitosr/Chatbot/issues/7,1699999100947,1699999101607
"IssueLabel-
  good first issue
",291,label-336297,https://github.com/Jaovitosr/Chatbot/issues/7,1699999101607,1699999101898
"IssueOpened-Sep 13, 2023 on Sep 13, 2023, 9:54 PM GMT-3",176,None,https://github.com/Jaovitosr/Chatbot/issues/7,1699999106064,1699999106240
"IssueOpened-Sep 13, 2023 on Sep 13, 2023, 9:54 PM GMT-3",150,None,https://github.com/Jaovitosr/Chatbot/issues/7,1699999106240,1699999106390
"IssueLabel-
  good first issue
",327,label-336297,https://github.com/Jaovitosr/Chatbot/issues/7,1699999106662,1699999106989
"IssueLabel-
  ui
",142,label-89294e,https://github.com/Jaovitosr/Chatbot/issues/7,1699999107238,1699999107380
"IssueLabel-
  good first issue
",1995,label-336297,https://github.com/Jaovitosr/Chatbot/issues/7,1699999110992,1699999112987
"IssueLabel-
  good first issue
",685,label-336297,https://github.com/Jaovitosr/Chatbot/issues/7,1699999112987,1699999113672
"IssueLabel-
  ui
",2250,label-89294e,https://github.com/Jaovitosr/Chatbot/issues/7,1699999113680,1699999115930
"IssueLabel-
  good first issue
",3016,label-336297,https://github.com/Jaovitosr/Chatbot/issues/7,1699999131672,1699999134688
IssueLabel-good first issue,141,label-1088d8,https://github.com/Jaovitosr/Chatbot/issues/7,1699999140456,1699999140597
"IssueOpened-May 15, 2023 on May 15, 2023, 5:31 AM GMT-3",985,None,https://github.com/JabRef/jabref/issues/9895,1699999141754,1699999142739
"IssueOpened-May 15, 2023 on May 15, 2023, 5:31 AM GMT-3",150,None,https://github.com/JabRef/jabref/issues/9895,1699999142831,1699999142981
"IssueOpened-May 15, 2023 on May 15, 2023, 5:31 AM GMT-3",117,None,https://github.com/JabRef/jabref/issues/9895,1699999202011,1699999202128
CommitName-Add fill in of selectedApplicationProperty when opening the editDialo…,7640,None,https://github.com/JabRef/jabref/pull/9921,1699999220789,1699999228429
Username-calixtus,148,None,https://github.com/JabRef/jabref/pull/9921,1699999241396,1699999241544
Comment Body-issuecomment-1554103224,144,None,https://github.com/JabRef/jabref/pull/9921,1699999243869,1699999244013
Comment Body-issuecomment-1554103224,134,None,https://github.com/JabRef/jabref/pull/9921,1699999244179,1699999244313
Comment Body-issuecomment-1554103224,299,None,https://github.com/JabRef/jabref/pull/9921,1699999244313,1699999244612
Comment Body-issuecomment-1554103224,350,None,https://github.com/JabRef/jabref/pull/9921,1699999244737,1699999245087
Comment Body-issuecomment-1554103224,916,None,https://github.com/JabRef/jabref/pull/9921,1699999245087,1699999246003
"CommentDate-May 18, 2023",234,None,https://github.com/JabRef/jabref/pull/9921,1699999247154,1699999247388
"CommentDate-May 18, 2023",285,None,https://github.com/JabRef/jabref/pull/9921,1699999247388,1699999247673
"CommentDate-May 18, 2023",124,None,https://github.com/JabRef/jabref/pull/9921,1699999247673,1699999247797
CommitName-Merge branch 'main' into editing-preference-of-external-application-s…,457,None,https://github.com/JabRef/jabref/pull/9921/commits,1699999249638,1699999250095
CommitName-Merge branch 'main' into editing-preference-of-external-application-s…,551,None,https://github.com/JabRef/jabref/pull/9921/commits,1699999250220,1699999250771
CommitName-Merge branch 'main' into editing-preference-of-external-application-s…,152,None,https://github.com/JabRef/jabref/pull/9921/commits,1699999250986,1699999251138
File-src/main/java/org/jabref/gui/preferences/externalfiletypes/EditExternalFileTypeViewModel.java,102,None,https://github.com/JabRef/jabref/pull/9921/files,1699999256097,1699999256199
UnchangedLOC-27,336,src/main/java/org/jabref/gui/preferences/externalfiletypes/EditExternalFileTypeViewModel.java,https://github.com/JabRef/jabref/pull/9921/files,1699999257202,1699999257538
File-src/main/java/org/jabref/gui/preferences/externalfiletypes/EditExternalFileTypeViewModel.java,127,None,https://github.com/JabRef/jabref/pull/9921/files,1699999261260,1699999261387
File-src/main/java/org/jabref/gui/preferences/externalfiletypes/EditExternalFileTypeViewModel.java,147,None,https://github.com/JabRef/jabref/pull/9921/files,1699999264254,1699999264401
File-src/main/java/org/jabref/gui/preferences/externalfiletypes/EditExternalFileTypeViewModel.java,235,None,https://github.com/JabRef/jabref/pull/9921/files,1699999266378,1699999266613
File-src/main/java/org/jabref/gui/preferences/externalfiletypes/EditExternalFileTypeViewModel.java,100,None,https://github.com/JabRef/jabref/pull/9921/files,1699999266678,1699999266778
UnchangedLOC-33,394,src/main/java/org/jabref/gui/preferences/externalfiletypes/EditExternalFileTypeViewModel.java,https://github.com/JabRef/jabref/pull/9921/files,1699999266843,1699999267237
UnchangedLOC-27,174,src/main/java/org/jabref/gui/preferences/externalfiletypes/EditExternalFileTypeViewModel.java,https://github.com/JabRef/jabref/pull/9921/files,1699999275954,1699999276128
UnchangedLOC-27,183,src/main/java/org/jabref/gui/preferences/externalfiletypes/EditExternalFileTypeViewModel.java,https://github.com/JabRef/jabref/pull/9921/files,1699999276213,1699999276396
UnchangedLOC-33,326,src/main/java/org/jabref/gui/preferences/externalfiletypes/EditExternalFileTypeViewModel.java,https://github.com/JabRef/jabref/pull/9921/files,1699999276404,1699999276730
UnchangedLOC-27,100,src/main/java/org/jabref/gui/preferences/externalfiletypes/EditExternalFileTypeViewModel.java,https://github.com/JabRef/jabref/pull/9921/files,1699999276962,1699999277062
UnchangedLOC-33,113,src/main/java/org/jabref/gui/preferences/externalfiletypes/EditExternalFileTypeViewModel.java,https://github.com/JabRef/jabref/pull/9921/files,1699999282580,1699999282693
File-CHANGELOG.md,127,None,https://github.com/JabRef/jabref/pull/9921/files,1699999291726,1699999291853
"IssueOpened-Oct 22, 2023 on Oct 22, 2023, 10:31 PM GMT-3",250,None,https://github.com/Jaovitosr/Chatbot/issues/7,1699999309037,1699999309287
"IssueLabel-
  good first issue
",7650,label-336297,https://github.com/Jaovitosr/Chatbot/issues/7,1699999309319,1699999316969
IssueLabel-FirstTimeCodeContribution,102,label-b48429,https://github.com/Jaovitosr/Chatbot/issues/7,1699999324500,1699999324602
"IssueOpened-Nov 10, 2022 on Nov 10, 2022, 5:42 PM GMT-3",4843,None,https://github.com/JabRef/jabref/issues/9367,1699999326778,1699999331621
"IssueOpened-Nov 10, 2022 on Nov 10, 2022, 5:42 PM GMT-3",2865,None,https://github.com/JabRef/jabref/issues/9367,1699999331621,1699999334486
"IssueOpened-Nov 10, 2022 on Nov 10, 2022, 5:42 PM GMT-3",534,None,https://github.com/JabRef/jabref/issues/9367,1699999334802,1699999335336
"IssueOpened-Nov 10, 2022 on Nov 10, 2022, 5:42 PM GMT-3",573,None,https://github.com/JabRef/jabref/issues/9367,1699999335346,1699999335919
"IssueOpened-Nov 10, 2022 on Nov 10, 2022, 5:42 PM GMT-3",3550,None,https://github.com/JabRef/jabref/issues/9367,1699999335919,1699999339469
"IssueOpened-Nov 10, 2022 on Nov 10, 2022, 5:56 PM GMT-3",118,None,https://github.com/JabRef/jabref/issues/9367,1699999394758,1699999394876
"IssueOpened-Nov 10, 2022 on Nov 10, 2022, 5:42 PM GMT-3",119,None,https://github.com/JabRef/jabref/issues/9367,1699999418591,1699999418710
Image-https://user-images.githubusercontent.com/39377015/228820143-341d19b2-2939-40e3-b8a2-e63e809e1398.png,4808,None,https://github.com/JabRef/jabref/pull/9716,1699999426793,1699999431601
Image-https://user-images.githubusercontent.com/39377015/228820143-341d19b2-2939-40e3-b8a2-e63e809e1398.png,189,None,https://github.com/JabRef/jabref/pull/9716,1699999431627,1699999431816
Image-https://user-images.githubusercontent.com/39377015/228820143-341d19b2-2939-40e3-b8a2-e63e809e1398.png,189,None,https://github.com/JabRef/jabref/pull/9716,1699999432027,1699999432216
Image-https://user-images.githubusercontent.com/39377015/228820143-341d19b2-2939-40e3-b8a2-e63e809e1398.png,1048,None,https://github.com/JabRef/jabref/pull/9716,1699999432235,1699999433283
Image-https://user-images.githubusercontent.com/39377015/228820143-341d19b2-2939-40e3-b8a2-e63e809e1398.png,462,None,https://github.com/JabRef/jabref/pull/9716,1699999433283,1699999433745
Image-https://user-images.githubusercontent.com/39377015/228820143-341d19b2-2939-40e3-b8a2-e63e809e1398.png,150,None,https://github.com/JabRef/jabref/pull/9716,1699999434967,1699999435117
Image-https://user-images.githubusercontent.com/39377015/228820143-341d19b2-2939-40e3-b8a2-e63e809e1398.png,331,None,https://github.com/JabRef/jabref/pull/9716,1699999435560,1699999435891
Image-https://user-images.githubusercontent.com/39377015/228820143-341d19b2-2939-40e3-b8a2-e63e809e1398.png,184,None,https://github.com/JabRef/jabref/pull/9716,1699999437308,1699999437492
Image-https://user-images.githubusercontent.com/39377015/228820143-341d19b2-2939-40e3-b8a2-e63e809e1398.png,173,None,https://github.com/JabRef/jabref/pull/9716,1699999438003,1699999438176
Image-https://user-images.githubusercontent.com/39377015/228820143-341d19b2-2939-40e3-b8a2-e63e809e1398.png,200,None,https://github.com/JabRef/jabref/pull/9716,1699999439334,1699999439534
Image-https://user-images.githubusercontent.com/39377015/228820143-341d19b2-2939-40e3-b8a2-e63e809e1398.png,101,None,https://github.com/JabRef/jabref/pull/9716,1699999439534,1699999439635
Image-https://user-images.githubusercontent.com/39377015/228820143-341d19b2-2939-40e3-b8a2-e63e809e1398.png,217,None,https://github.com/JabRef/jabref/pull/9716,1699999439676,1699999439893
Image-https://user-images.githubusercontent.com/39377015/228820143-341d19b2-2939-40e3-b8a2-e63e809e1398.png,257,None,https://github.com/JabRef/jabref/pull/9716,1699999439893,1699999440150
Image-https://user-images.githubusercontent.com/39377015/228820143-341d19b2-2939-40e3-b8a2-e63e809e1398.png,125,None,https://github.com/JabRef/jabref/pull/9716,1699999440293,1699999440418
Image-https://user-images.githubusercontent.com/39377015/228820143-341d19b2-2939-40e3-b8a2-e63e809e1398.png,1324,None,https://github.com/JabRef/jabref/pull/9716,1699999440619,1699999441943
Image-https://user-images.githubusercontent.com/39377015/228820143-341d19b2-2939-40e3-b8a2-e63e809e1398.png,175,None,https://github.com/JabRef/jabref/pull/9716,1699999441943,1699999442118
Image-https://user-images.githubusercontent.com/39377015/228820143-341d19b2-2939-40e3-b8a2-e63e809e1398.png,133,None,https://github.com/JabRef/jabref/pull/9716,1699999442143,1699999442276
Image-https://user-images.githubusercontent.com/39377015/228820143-341d19b2-2939-40e3-b8a2-e63e809e1398.png,357,None,https://github.com/JabRef/jabref/pull/9716,1699999444534,1699999444891
Image-https://user-images.githubusercontent.com/39377015/228820143-341d19b2-2939-40e3-b8a2-e63e809e1398.png,647,None,https://github.com/JabRef/jabref/pull/9716,1699999445385,1699999446032
Image-https://user-images.githubusercontent.com/39377015/228820143-341d19b2-2939-40e3-b8a2-e63e809e1398.png,185,None,https://github.com/JabRef/jabref/pull/9716,1699999446032,1699999446217
Image-https://user-images.githubusercontent.com/39377015/228820143-341d19b2-2939-40e3-b8a2-e63e809e1398.png,607,None,https://github.com/JabRef/jabref/pull/9716,1699999446269,1699999446876
Image-https://user-images.githubusercontent.com/39377015/228820143-341d19b2-2939-40e3-b8a2-e63e809e1398.png,133,None,https://github.com/JabRef/jabref/pull/9716,1699999449567,1699999449700
Image-https://user-images.githubusercontent.com/39377015/228820143-341d19b2-2939-40e3-b8a2-e63e809e1398.png,1817,None,https://github.com/JabRef/jabref/pull/9716,1699999449968,1699999451785
Image-https://user-images.githubusercontent.com/39377015/228820143-341d19b2-2939-40e3-b8a2-e63e809e1398.png,200,None,https://github.com/JabRef/jabref/pull/9716,1699999452268,1699999452468
Image-https://user-images.githubusercontent.com/39377015/228820143-341d19b2-2939-40e3-b8a2-e63e809e1398.png,110,None,https://github.com/JabRef/jabref/pull/9716,1699999453492,1699999453602
Image-https://user-images.githubusercontent.com/39377015/228820143-341d19b2-2939-40e3-b8a2-e63e809e1398.png,1091,None,https://github.com/JabRef/jabref/pull/9716,1699999453602,1699999454693
Image-https://user-images.githubusercontent.com/39377015/228820143-341d19b2-2939-40e3-b8a2-e63e809e1398.png,142,None,https://github.com/JabRef/jabref/pull/9716,1699999454809,1699999454951
Image-https://user-images.githubusercontent.com/39377015/228820143-341d19b2-2939-40e3-b8a2-e63e809e1398.png,458,None,https://github.com/JabRef/jabref/pull/9716,1699999455051,1699999455509
Image-https://user-images.githubusercontent.com/39377015/228820143-341d19b2-2939-40e3-b8a2-e63e809e1398.png,175,None,https://github.com/JabRef/jabref/pull/9716,1699999455509,1699999455684
Image-https://user-images.githubusercontent.com/39377015/228820143-341d19b2-2939-40e3-b8a2-e63e809e1398.png,1073,None,https://github.com/JabRef/jabref/pull/9716,1699999455735,1699999456808
Image-https://user-images.githubusercontent.com/39377015/228820143-341d19b2-2939-40e3-b8a2-e63e809e1398.png,199,None,https://github.com/JabRef/jabref/pull/9716,1699999456808,1699999457007
Image-https://user-images.githubusercontent.com/39377015/228820143-341d19b2-2939-40e3-b8a2-e63e809e1398.png,361,None,https://github.com/JabRef/jabref/pull/9716,1699999457007,1699999457368
Image-https://user-images.githubusercontent.com/39377015/228820143-341d19b2-2939-40e3-b8a2-e63e809e1398.png,183,None,https://github.com/JabRef/jabref/pull/9716,1699999457368,1699999457551
Image-https://user-images.githubusercontent.com/39377015/228820143-341d19b2-2939-40e3-b8a2-e63e809e1398.png,358,None,https://github.com/JabRef/jabref/pull/9716,1699999457601,1699999457959
Image-https://user-images.githubusercontent.com/39377015/228820143-341d19b2-2939-40e3-b8a2-e63e809e1398.png,124,None,https://github.com/JabRef/jabref/pull/9716,1699999458917,1699999459041
Image-https://user-images.githubusercontent.com/39377015/228820143-341d19b2-2939-40e3-b8a2-e63e809e1398.png,175,None,https://github.com/JabRef/jabref/pull/9716,1699999459826,1699999460001
Image-https://user-images.githubusercontent.com/39377015/228820143-341d19b2-2939-40e3-b8a2-e63e809e1398.png,1487,None,https://github.com/JabRef/jabref/pull/9716,1699999460055,1699999461542
Comment Body-issuecomment-1490183962,251,None,https://github.com/JabRef/jabref/pull/9716,1699999465441,1699999465692
Comment Body-issuecomment-1490657791,185,None,https://github.com/JabRef/jabref/pull/9716,1699999473308,1699999473493
Comment Body-issuecomment-1490658815,241,None,https://github.com/JabRef/jabref/pull/9716,1699999474842,1699999475083
Comment Body-issuecomment-1490658815,258,None,https://github.com/JabRef/jabref/pull/9716,1699999475700,1699999475958
Comment Body-issuecomment-1490921364,617,None,https://github.com/JabRef/jabref/pull/9716,1699999479200,1699999479817
Comment Body-issuecomment-1490658815,160,None,https://github.com/JabRef/jabref/pull/9716,1699999480034,1699999480194
Image-https://user-images.githubusercontent.com/39377015/228820143-341d19b2-2939-40e3-b8a2-e63e809e1398.png,176,None,https://github.com/JabRef/jabref/pull/9716,1699999480742,1699999480918
NumOfFilesChanged-2,210,files_tab_counter,https://github.com/JabRef/jabref/pull/9716,1699999483465,1699999483675
File-src/main/java/org/jabref/gui/JabRefFrame.java,176,None,https://github.com/JabRef/jabref/pull/9716/files,1699999486385,1699999486561
File-src/main/java/org/jabref/gui/JabRefFrame.java,100,None,https://github.com/JabRef/jabref/pull/9716/files,1699999486576,1699999486676
UnchangedLOC-843,123,src/main/java/org/jabref/gui/JabRefFrame.java,https://github.com/JabRef/jabref/pull/9716/files,1699999503752,1699999503875
PRTitle-Fix for issue 9367 - Consuming menu events on macos when there is a dialogue window present,1079,None,https://github.com/JabRef/jabref/pull/9716/files,1699999510360,1699999511439
PRTitle-Fix for issue 9367 - Consuming menu events on macos when there is a dialogue window present,144,None,https://github.com/JabRef/jabref/pull/9716/files,1699999511447,1699999511591
"IssueLabel-
  good first issue
",1424,label-336297,https://github.com/Jaovitosr/Chatbot/issues/7,1699999516975,1699999518399
"IssueOpened-Apr 30, 2023 on Apr 30, 2023, 12:03 PM GMT-3",17583,None,https://github.com/JabRef/jabref/issues/9818,1699999536600,1699999554183
"IssueOpened-Apr 30, 2023 on Apr 30, 2023, 12:03 PM GMT-3",100,None,https://github.com/JabRef/jabref/issues/9818,1699999554466,1699999554566
Image-https://user-images.githubusercontent.com/33435327/235901958-12345aff-fd39-4a1b-8869-3e1a439889a7.png,2516,None,https://github.com/JabRef/jabref/pull/9836,1699999598449,1699999600965
Image-https://user-images.githubusercontent.com/33435327/235901958-12345aff-fd39-4a1b-8869-3e1a439889a7.png,177,None,https://github.com/JabRef/jabref/pull/9836,1699999600965,1699999601142
Image-https://user-images.githubusercontent.com/33435327/235901958-12345aff-fd39-4a1b-8869-3e1a439889a7.png,2200,None,https://github.com/JabRef/jabref/pull/9836,1699999601173,1699999603373
Image-https://user-images.githubusercontent.com/33435327/235901958-12345aff-fd39-4a1b-8869-3e1a439889a7.png,159,None,https://github.com/JabRef/jabref/pull/9836,1699999603381,1699999603540
Image-https://user-images.githubusercontent.com/33435327/235901958-12345aff-fd39-4a1b-8869-3e1a439889a7.png,107,None,https://github.com/JabRef/jabref/pull/9836,1699999604332,1699999604439
Image-https://user-images.githubusercontent.com/33435327/235901958-12345aff-fd39-4a1b-8869-3e1a439889a7.png,116,None,https://github.com/JabRef/jabref/pull/9836,1699999604907,1699999605023
Image-https://user-images.githubusercontent.com/33435327/235901958-12345aff-fd39-4a1b-8869-3e1a439889a7.png,1650,None,https://github.com/JabRef/jabref/pull/9836,1699999605115,1699999606765
Image-https://user-images.githubusercontent.com/33435327/235901958-12345aff-fd39-4a1b-8869-3e1a439889a7.png,127,None,https://github.com/JabRef/jabref/pull/9836,1699999607472,1699999607599
Image-https://user-images.githubusercontent.com/33435327/235901958-12345aff-fd39-4a1b-8869-3e1a439889a7.png,358,None,https://github.com/JabRef/jabref/pull/9836,1699999608040,1699999608398
Image-https://user-images.githubusercontent.com/33435327/235901958-12345aff-fd39-4a1b-8869-3e1a439889a7.png,625,None,https://github.com/JabRef/jabref/pull/9836,1699999608398,1699999609023
Image-https://user-images.githubusercontent.com/33435327/235901958-12345aff-fd39-4a1b-8869-3e1a439889a7.png,608,None,https://github.com/JabRef/jabref/pull/9836,1699999611740,1699999612348
Image-https://user-images.githubusercontent.com/33435327/235901958-12345aff-fd39-4a1b-8869-3e1a439889a7.png,583,None,https://github.com/JabRef/jabref/pull/9836,1699999613156,1699999613739
Image-https://user-images.githubusercontent.com/33435327/235901958-12345aff-fd39-4a1b-8869-3e1a439889a7.png,215,None,https://github.com/JabRef/jabref/pull/9836,1699999616333,1699999616548
Comment Body-issuecomment-1534176217,100,None,https://github.com/JabRef/jabref/pull/9836,1699999626549,1699999626649
Image-https://user-images.githubusercontent.com/1366654/236130965-a053b51e-29ee-48f8-85c2-4589d4819f46.png,150,None,https://github.com/JabRef/jabref/pull/9836,1699999627948,1699999628098
Comment Body-issuecomment-1535144638,174,None,https://github.com/JabRef/jabref/pull/9836,1699999631699,1699999631873
Comment Body-issuecomment-1535144638,170,None,https://github.com/JabRef/jabref/pull/9836,1699999638078,1699999638248
UnchangedLOC-25,138,src/main/java/org/jabref/gui/libraryproperties/LibraryPropertiesViewModel.java,https://github.com/JabRef/jabref/pull/9836/files,1699999651281,1699999651419
UnchangedLOC-20,142,src/main/java/org/jabref/gui/libraryproperties/LibraryPropertiesViewModel.java,https://github.com/JabRef/jabref/pull/9836/files,1699999653773,1699999653915
UnchangedLOC-6,108,src/main/java/org/jabref/gui/libraryproperties/general/GeneralProperties.fxml,https://github.com/JabRef/jabref/pull/9836/files,1699999656732,1699999656840
AddedLOC-40,318,src/main/java/org/jabref/gui/libraryproperties/preamble/PreamblePropertiesViewModel.java,https://github.com/JabRef/jabref/pull/9836/files,1699999680849,1699999681167
UnchangedLOC-144,282,src/main/java/org/jabref/gui/libraryproperties/general/GeneralPropertiesViewModel.java,https://github.com/JabRef/jabref/pull/9836/files,1699999693789,1699999694071
"IssueLabel-
  ",142,label-b48429,https://github.com/Jaovitosr/Chatbot/issues/7,1699999706521,1699999706663
"IssueLabel-
  good first issue
",860,label-336297,https://github.com/Jaovitosr/Chatbot/issues/7,1699999709688,1699999710548
"IssueLabel-
  good first issue
",1023,label-336297,https://github.com/Jaovitosr/Chatbot/issues/7,1699999710548,1699999711571
"IssueLabel-
  good first issue
",101,label-336297,https://github.com/Jaovitosr/Chatbot/issues/7,1699999711579,1699999711680
"IssueLabel-
  ",103,label-1088d8,https://github.com/Jaovitosr/Chatbot/issues/7,1699999714060,1699999714163
"IssueLabel-
  ",181,label-1763df,https://github.com/Jaovitosr/Chatbot/issues/7,1699999716704,1699999716885
"IssueLabel-
  good first issue
",174,label-336297,https://github.com/Jaovitosr/Chatbot/issues/7,1699999724680,1699999724854
"IssueOpened-May 30, 2023 on May 30, 2023, 4:47 AM GMT-3",209,None,https://github.com/JabRef/jabref/issues/9950,1699999743895,1699999744104
"IssueOpened-May 30, 2023 on May 30, 2023, 4:47 AM GMT-3",437,None,https://github.com/JabRef/jabref/issues/9950,1699999746659,1699999747096
"IssueOpened-Jun 1, 2023 on Jun 1, 2023, 10:50 AM GMT-3",153,None,https://github.com/JabRef/jabref/issues/9950,1699999760113,1699999760266
"IssueOpened-Jun 1, 2023 on Jun 1, 2023, 10:50 AM GMT-3",401,None,https://github.com/JabRef/jabref/issues/9950,1699999760266,1699999760667
"IssueOpened-Jun 1, 2023 on Jun 1, 2023, 11:04 AM GMT-3",675,None,https://github.com/JabRef/jabref/issues/9950,1699999761747,1699999762422
Image-https://user-images.githubusercontent.com/62839385/243704257-997d8c30-f54e-453e-bb72-ab0465ffd9e9.png,257,None,https://github.com/JabRef/jabref/pull/9968,1699999784272,1699999784529
Image-https://user-images.githubusercontent.com/62839385/243704257-997d8c30-f54e-453e-bb72-ab0465ffd9e9.png,242,None,https://github.com/JabRef/jabref/pull/9968,1699999785339,1699999785581
Image-https://user-images.githubusercontent.com/62839385/243704257-997d8c30-f54e-453e-bb72-ab0465ffd9e9.png,165,None,https://github.com/JabRef/jabref/pull/9968,1699999790622,1699999790787
Image-https://user-images.githubusercontent.com/62839385/243704257-997d8c30-f54e-453e-bb72-ab0465ffd9e9.png,216,None,https://github.com/JabRef/jabref/pull/9968,1699999793480,1699999793696
Image-https://user-images.githubusercontent.com/62839385/243704257-997d8c30-f54e-453e-bb72-ab0465ffd9e9.png,141,None,https://github.com/JabRef/jabref/pull/9968,1699999797665,1699999797806
ChecklistItem-,138,None,https://github.com/JabRef/jabref/pull/9968,1699999798277,1699999798415
ChecklistItem-,234,None,https://github.com/JabRef/jabref/pull/9968,1699999798787,1699999799021
ChecklistItem-,725,None,https://github.com/JabRef/jabref/pull/9968,1699999799429,1699999800154
ChecklistItem-,226,None,https://github.com/JabRef/jabref/pull/9968,1699999800603,1699999800829
ChecklistItem-,743,None,https://github.com/JabRef/jabref/pull/9968,1699999800829,1699999801572
Image-https://user-images.githubusercontent.com/62839385/243704206-75d97097-daf1-4b73-95d9-bfab7007b763.png,194,None,https://github.com/JabRef/jabref/pull/9968,1699999801578,1699999801772
ChecklistItem-,2746,None,https://github.com/JabRef/jabref/pull/9968,1699999801865,1699999804611
ChecklistItem-,110,None,https://github.com/JabRef/jabref/pull/9968,1699999804611,1699999804721
ChecklistItem-,702,None,https://github.com/JabRef/jabref/pull/9968,1699999804811,1699999805513
ChecklistItem-,600,None,https://github.com/JabRef/jabref/pull/9968,1699999806012,1699999806612
Image-https://user-images.githubusercontent.com/62839385/243704206-75d97097-daf1-4b73-95d9-bfab7007b763.png,165,None,https://github.com/JabRef/jabref/pull/9968,1699999808780,1699999808945
Image-https://user-images.githubusercontent.com/1366654/243562465-cd810795-97f3-4cd1-9ebc-39ed29e107e7.png,140,None,https://github.com/JabRef/jabref/pull/9968,1699999821970,1699999822110
Comment Body-issuecomment-1577969078,193,None,https://github.com/JabRef/jabref/pull/9968,1699999825752,1699999825945
"CommitName-Add logic to disable 'unprotect selection', if selection is empty",166,None,https://github.com/JabRef/jabref/pull/9968,1699999840762,1699999840928
Comment Body-issuecomment-1578152534,293,None,https://github.com/JabRef/jabref/pull/9968,1699999841378,1699999841671
AvatarImage-@Siedlerchr,576,None,https://github.com/JabRef/jabref/pull/9968,1699999842502,1699999843078
ChecklistItem-,1632,None,https://github.com/JabRef/jabref/pull/9968,1699999845612,1699999847244
AddedLOC-78,127,src/main/java/org/jabref/gui/fieldeditors/contextmenu/ProtectedTermsMenu.java,https://github.com/JabRef/jabref/pull/9968/files,1699999855962,1699999856089
AddedLOC-78,270,src/main/java/org/jabref/gui/fieldeditors/contextmenu/ProtectedTermsMenu.java,https://github.com/JabRef/jabref/pull/9968/files,1699999858676,1699999858946
AddedLOC-78,115,src/main/java/org/jabref/gui/fieldeditors/contextmenu/ProtectedTermsMenu.java,https://github.com/JabRef/jabref/pull/9968/files,1699999858946,1699999859061
UnchangedLOC-117,144,src/main/java/org/jabref/gui/fieldeditors/contextmenu/ProtectedTermsMenu.java,https://github.com/JabRef/jabref/pull/9968/files,1699999866067,1699999866211
AddedLOC-118,117,src/main/java/org/jabref/gui/fieldeditors/contextmenu/ProtectedTermsMenu.java,https://github.com/JabRef/jabref/pull/9968/files,1699999868461,1699999868578
AddedLOC-118,177,src/main/java/org/jabref/gui/fieldeditors/contextmenu/ProtectedTermsMenu.java,https://github.com/JabRef/jabref/pull/9968/files,1699999868586,1699999868763
UnchangedLOC-2293,159,src/main/resources/l10n/JabRef_en.properties,https://github.com/JabRef/jabref/pull/9968/files,1699999873635,1699999873794
UnchangedLOC-30,145,CHANGELOG.md,https://github.com/JabRef/jabref/pull/9968/files,1699999893526,1699999893671
